City_ID,City,Country,Lat,Lng,Max Temp,Humidity,Cloudiness,Wind Speed,Weather Description
0,Amahai,ID,-3.3333,128.9167,87.1,59,100,2.46,overcast clouds
1,Cape Town,ZA,-33.9258,18.4232,70.12,70,75,3.42,broken clouds
2,Bedesa,ET,8.9,40.7833,58.91,32,30,5.01,scattered clouds
3,Port Alfred,ZA,-33.5906,26.891,70.52,86,58,25.14,broken clouds
4,Airai,TL,-8.9266,125.4092,73.17,63,59,2.46,broken clouds
5,Charters Towers,AU,-20.1,146.2667,84.67,40,0,11.7,clear sky
6,Saint-Philippe,RE,-21.3585,55.7679,78.39,84,99,18.19,light rain
7,Jamestown,US,42.097,-79.2353,12.33,72,0,0.0,clear sky
8,Hasaki,JP,35.7333,140.8333,45.28,33,0,14.32,clear sky
9,Hermanus,ZA,-34.4187,19.2345,69.91,90,49,9.86,scattered clouds
10,Mataura,NZ,-46.1927,168.8643,58.48,40,22,4.52,few clouds
11,Aliwal North,ZA,-30.6937,26.7114,60.69,76,8,4.41,clear sky
12,Vardo,NO,70.3705,31.1107,27.03,79,100,28.03,overcast clouds
13,Ahipara,NZ,-35.1667,173.1667,75.24,84,100,5.95,light rain
14,Qaanaaq,GL,77.484,-69.3632,-0.11,96,100,3.83,overcast clouds
15,Bluff,NZ,-46.6,168.3333,58.8,59,14,11.05,few clouds
16,Beroroha,MG,-21.6667,45.1667,74.48,86,100,18.41,moderate rain
17,Namibe,AO,-15.1961,12.1522,72.23,67,85,8.86,overcast clouds
18,Bay Roberts,CA,47.5999,-53.2648,46.33,95,100,5.99,moderate rain
19,Esperance,AU,-33.8667,121.9,84.9,37,1,13.53,clear sky
20,Lata,PT,40.1629,-8.3327,49.06,74,0,5.32,clear sky
21,Ulagan,RU,50.6321,87.9563,-13.05,83,30,3.11,scattered clouds
22,Beringovskiy,RU,63.05,179.3167,-8.72,93,80,13.73,broken clouds
23,Vaini,TO,-21.2,-175.2,77.16,94,100,14.97,light rain
24,Pevek,RU,69.7008,170.3133,-26.55,99,30,1.66,scattered clouds
25,Alofi,NU,-19.0595,-169.9187,80.6,78,100,13.73,light rain
26,Vinh,VN,18.6667,105.6667,61.57,75,100,5.91,overcast clouds
27,Busselton,AU,-33.65,115.3333,71.87,68,71,14.18,broken clouds
28,Georgetown,MY,5.4112,100.3354,82.33,77,20,3.44,few clouds
29,Longyearbyen,SJ,78.2186,15.6401,10.24,72,20,21.85,few clouds
30,Ponta Do Sol,PT,32.6667,-17.1,67.12,51,50,12.95,scattered clouds
31,Ventspils,LV,57.3894,21.5606,39.13,87,100,17.27,overcast clouds
32,Rikitea,PF,-23.1203,-134.9692,79.57,67,100,13.73,overcast clouds
33,Labuhan,ID,-6.8844,112.2051,82.49,78,70,11.74,broken clouds
34,Itaituba,BR,-4.2761,-55.9836,73.81,99,100,0.51,overcast clouds
35,Luderitz,NA,-26.6481,15.1594,66.76,81,92,10.16,overcast clouds
36,Shingu,JP,33.7333,135.9833,39.9,45,67,15.21,broken clouds
37,Touros,BR,-5.1989,-35.4608,79.7,71,22,11.32,few clouds
38,Arraial Do Cabo,BR,-22.9661,-42.0278,76.62,87,54,26.49,broken clouds
39,Malampaka,TZ,-3.1333,33.5333,62.53,84,100,2.1,overcast clouds
40,Juneau,US,58.3019,-134.4197,37.4,96,100,5.99,moderate rain
41,Norman Wells,CA,65.282,-126.8329,-10.01,92,44,6.26,scattered clouds
42,Atuona,PF,-9.8,-139.0333,79.09,75,30,21.05,scattered clouds
43,Severodvinsk,RU,64.5635,39.8302,3.31,87,71,13.87,broken clouds
44,Svetlogorsk,BY,52.6333,29.7333,31.64,89,100,13.58,overcast clouds
45,Saint Anthony,US,45.0205,-93.218,25.92,73,40,1.01,scattered clouds
46,Samarai,PG,-10.6167,150.6667,84.88,70,100,4.09,overcast clouds
47,Mar Del Plata,AR,-38.0023,-57.5575,62.87,73,75,1.99,broken clouds
48,Constitucion,CL,-35.3333,-72.4167,59.97,74,0,11.36,clear sky
49,Majene,ID,-3.5403,118.9707,85.41,65,41,1.28,scattered clouds
50,Klaksvik,FO,62.2266,-6.589,34.72,85,100,13.69,snow
51,Hundorp,NO,61.5552,9.9407,9.66,100,89,3.06,overcast clouds
52,Iqaluit,CA,63.7506,-68.5145,-37.17,99,100,2.48,overcast clouds
53,Ilulissat,GL,69.2167,-51.1,3.22,51,100,14.97,overcast clouds
54,Yeppoon,AU,-23.1333,150.7333,83.98,56,5,20.09,clear sky
55,Whitianga,NZ,-36.8333,175.7,76.01,98,100,9.55,overcast clouds
56,Soyo,AO,-6.1349,12.3689,77.74,84,99,3.51,overcast clouds
57,Maues,BR,-3.3836,-57.7186,73.54,98,100,1.03,overcast clouds
58,Kaitangata,NZ,-46.2817,169.8464,54.93,60,62,8.03,broken clouds
59,Butaritari,KI,3.0707,172.7902,82.78,74,90,17.6,overcast clouds
60,Castro,BR,-24.7911,-50.0119,64.83,97,100,2.39,overcast clouds
61,Sampit,ID,-2.5333,112.95,84.49,70,90,3.0,overcast clouds
62,Puerto Ayora,EC,-0.7393,-90.3518,75.54,92,23,5.01,few clouds
63,Hilo,US,19.7297,-155.09,78.53,75,20,9.22,few clouds
64,Hami,CN,42.8,93.45,26.85,28,100,10.76,overcast clouds
65,Yellowknife,CA,62.456,-114.3525,-15.59,95,99,8.41,overcast clouds
66,Taltal,CL,-25.4,-70.4833,68.52,73,22,4.34,few clouds
67,Novobirilyussy,RU,56.9514,90.6661,13.66,93,100,5.55,overcast clouds
68,Barrow,US,71.2906,-156.7887,-20.18,69,0,10.36,clear sky
69,Bredasdorp,ZA,-34.5322,20.0403,67.28,95,27,8.21,scattered clouds
70,Tiksi,RU,71.6872,128.8694,-23.01,98,98,6.11,overcast clouds
71,Albany,US,42.6001,-73.9662,11.26,64,7,1.01,clear sky
72,New Norfolk,AU,-42.7826,147.0587,73.65,38,0,1.99,clear sky
73,Upernavik,GL,72.7868,-56.1549,-1.17,97,100,3.38,overcast clouds
74,Marawi,PH,7.9986,124.2928,73.65,56,74,4.81,broken clouds
75,Thaton,MM,16.9206,97.3714,72.54,83,100,3.09,overcast clouds
76,Ostrovnoy,RU,68.0531,39.5131,15.01,84,100,28.54,overcast clouds
77,Ustka,PL,54.5805,16.8619,36.52,96,100,24.63,light rain
78,Valparai,IN,10.3667,76.9667,56.97,83,13,2.3,few clouds
79,Nanortalik,GL,60.1432,-45.2371,9.14,61,100,13.76,overcast clouds
80,Ushuaia,AR,-54.8,-68.3,49.66,57,20,16.11,few clouds
81,Mahebourg,MU,-20.4081,57.7,79.25,80,100,15.55,overcast clouds
82,Nguruka,TZ,-5.1092,31.0419,62.74,96,100,2.1,overcast clouds
83,Chokurdakh,RU,70.6333,147.9167,-31.81,100,100,1.97,overcast clouds
84,Bonthe,SL,7.5264,-12.505,75.4,87,47,3.44,scattered clouds
85,Usakos,NA,-22.0,15.6,72.77,72,100,5.01,overcast clouds
86,Hobart,AU,-42.8794,147.3294,74.01,49,20,1.01,few clouds
87,Clyde River,CA,70.4692,-68.5914,-27.17,68,100,3.44,light snow
88,Nome,US,64.5011,-165.4064,-0.33,60,0,11.5,clear sky
89,Cayenne,GF,4.9333,-52.3333,80.1,85,75,5.01,broken clouds
90,Severo-Kurilsk,RU,50.6789,156.125,30.07,83,92,11.52,overcast clouds
91,Beloha,MG,-25.1667,45.05,73.96,91,100,21.59,moderate rain
92,Vostok,RU,46.4856,135.8833,-0.08,86,100,4.12,overcast clouds
93,Nara,JP,34.6851,135.8049,42.04,62,26,13.44,scattered clouds
94,Arawa,PG,-6.2132,155.5367,89.33,61,15,7.9,few clouds
95,Provideniya,RU,64.3833,-173.3,-1.66,79,0,11.81,clear sky
96,Nikolskoye,RU,59.7035,30.7861,26.71,96,100,5.12,overcast clouds
97,Sur,OM,22.5667,59.5289,70.57,44,1,7.9,clear sky
98,Presidencia Roque Saenz Pena,AR,-26.7852,-60.4388,75.15,45,4,9.44,clear sky
99,Tulum,MX,20.2167,-87.4667,75.25,88,81,7.47,broken clouds
100,Victoria,HK,22.2855,114.1577,64.18,78,99,1.01,overcast clouds
101,Matveyevka,RU,52.15,56.1833,18.55,90,100,7.25,light snow
102,Bathsheba,BB,13.2167,-59.5167,79.41,69,40,13.8,scattered clouds
103,Lebu,CL,-37.6167,-73.65,58.46,82,0,17.25,clear sky
104,Meulaboh,ID,4.1363,96.1285,78.76,78,89,5.73,overcast clouds
105,Moerai,PF,-22.4333,-151.3333,80.2,73,99,15.19,overcast clouds
106,Tasiilaq,GL,65.6145,-37.6368,17.76,54,93,7.43,overcast clouds
107,Sitka,US,57.0531,-135.33,42.69,75,100,25.32,light rain
108,Manoel Urbano,BR,-8.8389,-69.2597,72.63,99,100,2.21,overcast clouds
109,Chemax,MX,20.65,-87.9333,69.85,88,19,5.01,few clouds
110,Gualeguaychu,AR,-33.0094,-58.5172,67.03,88,0,12.12,clear sky
111,Guerrero Negro,MX,27.9769,-114.0611,61.41,51,0,14.27,clear sky
112,Adrar,MR,20.5022,-10.0711,63.72,7,0,9.08,clear sky
113,Bengkulu,ID,-3.8004,102.2655,74.35,95,100,12.26,overcast clouds
114,Kruisfontein,ZA,-34.0033,24.7314,66.88,91,22,11.14,few clouds
115,Dikson,RU,73.5069,80.5464,-20.74,100,98,3.74,overcast clouds
116,Talnakh,RU,69.4865,88.3972,-17.64,100,100,2.66,overcast clouds
117,Hokitika,NZ,-42.7167,170.9667,69.06,51,100,7.78,overcast clouds
118,Moron,AR,-34.6534,-58.6198,64.15,84,43,11.16,scattered clouds
119,Naze,JP,28.3667,129.4833,50.92,66,99,14.67,overcast clouds
120,Parambu,BR,-6.2111,-40.6944,73.22,80,100,2.13,overcast clouds
121,Sao Filipe,CV,14.8961,-24.4956,73.08,73,0,9.24,clear sky
122,Pisco,PE,-13.7,-76.2167,68.05,88,40,5.75,scattered clouds
123,Matam,SN,15.6175,-13.3303,75.78,10,0,9.62,clear sky
124,Chapais,CA,49.7834,-74.8492,-16.82,100,31,2.15,scattered clouds
125,East London,ZA,-33.0153,27.9116,69.69,89,96,15.93,light rain
126,Corinto,GR,37.9407,22.9573,51.69,83,70,1.25,broken clouds
127,Yar-Sale,RU,66.8333,70.8333,-15.7,100,81,3.38,broken clouds
128,Tuktoyaktuk,CA,69.4541,-133.0374,-31.0,68,40,9.22,scattered clouds
129,Rohtak,IN,28.9,76.5667,46.49,81,11,2.35,few clouds
130,Tezu,IN,27.9167,96.1667,55.9,88,92,0.47,overcast clouds
131,Iraan,US,30.914,-101.8979,39.15,40,0,1.99,clear sky
132,Carnarvon,AU,-24.8667,113.6333,82.47,69,75,17.27,broken clouds
133,Kavaratti,IN,10.5669,72.642,77.95,60,9,5.01,clear sky
134,Santa Maria,BR,-29.6842,-53.8069,73.26,52,68,5.06,broken clouds
135,Port Lincoln,AU,-34.7333,135.8667,78.89,48,8,19.28,clear sky
136,Quebec,CA,46.8123,-71.2145,-0.92,83,7,5.37,clear sky
137,Isangel,VU,-19.55,169.2667,82.36,84,95,15.01,overcast clouds
138,Sao Joao Da Barra,BR,-21.6403,-41.0511,77.04,85,2,24.09,clear sky
139,Bethel,US,41.3712,-73.414,21.56,65,0,1.01,clear sky
140,Chaves,US,33.3834,-104.4505,41.59,30,0,10.36,clear sky
141,Lagoa,PT,39.05,-27.9833,58.35,77,2,15.75,clear sky
142,Goryachegorsk,RU,55.4053,88.9154,15.46,84,100,3.38,overcast clouds
143,Sibolga,ID,1.7427,98.7792,77.92,86,100,1.63,overcast clouds
144,Petatlan,MX,17.5167,-101.2667,72.07,77,0,3.15,clear sky
145,Kondopoga,RU,62.2057,34.2614,19.08,95,100,9.46,light snow
146,Chuy,UY,-33.6971,-53.4616,64.09,92,30,8.08,scattered clouds
147,Hofn,IS,64.2539,-15.2082,29.91,64,100,15.3,overcast clouds
148,Tuatapere,NZ,-46.1333,167.6833,58.82,50,49,6.67,scattered clouds
149,Hovd,MN,48.0056,91.6419,-13.52,76,12,2.93,few clouds
150,Sinnamary,GF,5.3833,-52.95,76.5,90,100,8.97,overcast clouds
151,Saint George,US,37.1041,-113.5841,50.59,23,0,1.01,clear sky
152,Dayong,CN,25.0209,118.2898,56.88,68,100,4.97,overcast clouds
153,Acapulco,MX,16.8634,-99.8901,80.42,74,0,9.22,clear sky
154,Puli,TW,23.9664,120.9695,67.23,46,36,1.05,scattered clouds
155,Saint-Louis,SN,16.3333,-15.0,76.32,11,0,9.91,clear sky
156,Nieuw Amsterdam,SR,5.8833,-55.0833,77.02,94,100,8.25,overcast clouds
157,Luanda,AO,-8.8368,13.2343,75.65,84,100,5.5,overcast clouds
158,Bambous Virieux,MU,-20.3428,57.7575,79.21,88,75,10.36,broken clouds
159,Zeya,RU,53.75,127.2667,4.62,59,100,2.91,overcast clouds
160,Tessalit,ML,20.1986,1.0114,59.45,16,6,9.91,clear sky
161,Antalaha,MG,-14.9003,50.2788,76.28,78,100,2.64,overcast clouds
162,Torbay,CA,47.6666,-52.7314,45.57,94,100,14.97,moderate rain
163,Prizren,XK,42.2139,20.7397,38.84,90,94,1.19,overcast clouds
164,Hobyo,SO,5.3505,48.5268,74.8,73,10,12.71,clear sky
165,Palmer,US,42.1584,-72.3287,17.47,62,0,9.22,clear sky
166,Atar,MR,20.5169,-13.0499,69.49,11,0,4.7,clear sky
167,Shimoda,JP,34.6667,138.95,45.1,50,1,25.41,clear sky
168,Kavieng,PG,-2.5744,150.7967,83.89,72,100,7.2,overcast clouds
169,Fortuna,US,40.5982,-124.1573,50.67,88,0,8.05,clear sky
170,Calceta,EC,-0.85,-80.1667,76.91,89,81,3.22,broken clouds
171,Westerly,US,41.3776,-71.8273,21.42,66,0,8.05,clear sky
172,Kodiak,US,57.79,-152.4072,40.51,81,100,19.57,moderate rain
173,Tadine,NC,-21.55,167.8833,83.28,81,33,11.01,scattered clouds
174,Montepuez,MZ,-13.1256,38.9997,67.06,95,100,2.68,overcast clouds
175,Ribeira Grande,PT,38.5167,-28.7,59.54,74,4,15.59,clear sky
176,Syracuse,IT,37.0881,15.2792,55.62,82,86,5.61,overcast clouds
177,Ovsyanka,RU,55.9575,92.5519,23.97,87,100,5.14,overcast clouds
178,Sumenep,ID,-7.0167,113.8667,81.95,79,100,9.35,moderate rain
179,Bonfim,BR,3.0833,-59.95,78.08,75,100,5.14,overcast clouds
180,Ahuimanu,US,21.4447,-157.8378,82.11,70,40,3.0,scattered clouds
181,North Bend,US,43.4065,-124.2243,51.93,94,0,4.61,clear sky
182,Margate,GB,51.3813,1.3862,50.97,76,100,11.99,overcast clouds
183,Mitsamiouli,KM,-11.3847,43.2844,81.73,78,100,11.39,overcast clouds
184,San Patricio,US,28.017,-97.5169,44.83,53,0,7.11,clear sky
185,Hithadhoo,MV,-0.6,73.0833,81.64,73,2,6.71,clear sky
186,Pascagoula,US,30.3658,-88.5561,39.42,88,0,0.0,clear sky
187,Kununurra,AU,-15.7667,128.7333,87.78,74,75,4.61,broken clouds
188,Baglung,NP,28.2719,83.5898,43.36,62,1,4.03,clear sky
189,Nakamura,JP,32.9833,132.9333,41.7,40,47,12.46,scattered clouds
190,Punta Arenas,CL,-53.15,-70.9167,55.51,54,40,16.11,scattered clouds
191,Northam,GB,51.0333,-4.2167,50.41,95,100,32.28,overcast clouds
192,Qena,EG,26.1615,32.7183,49.26,59,0,5.73,clear sky
193,Fenoarivo,MG,-18.933,47.4354,66.27,88,75,14.97,broken clouds
194,Bima,ID,-8.4667,118.7167,84.81,74,31,6.58,scattered clouds
195,Cherskiy,RU,68.75,161.3,-28.17,98,25,1.14,scattered clouds
196,Codrington,AU,-38.2667,141.9667,79.12,37,66,9.75,broken clouds
197,Udaipur,IN,24.5712,73.6918,45.5,32,0,1.01,clear sky
198,Nageshwari,BD,25.9377,89.7148,55.92,83,0,4.9,clear sky
199,Miri,MY,4.4148,114.0089,84.34,84,40,2.3,scattered clouds
200,Yunhe,CN,34.0833,119.7167,37.44,29,85,4.59,overcast clouds
201,Kapaa,US,22.0752,-159.319,79.12,66,0,1.99,clear sky
202,Tecoanapa,MX,16.5167,-98.75,77.54,67,0,1.39,clear sky
203,Cuamba,MZ,-14.8031,36.5372,65.35,98,22,3.29,few clouds
204,Lompoc,US,34.6391,-120.4579,63.12,69,0,5.75,clear sky
205,Richards Bay,ZA,-28.783,32.0377,71.82,84,65,6.04,broken clouds
206,Sangar,RU,63.9242,127.4739,-30.37,96,100,3.6,overcast clouds
207,Sorland,NO,67.667,12.6934,36.18,86,65,27.6,light rain
208,Tongchuan,CN,35.0806,109.0897,25.95,86,100,5.88,light snow
209,Faanui,PF,-16.4833,-151.75,80.87,74,17,18.72,light rain
210,Port Elizabeth,ZA,-33.918,25.5701,69.1,100,40,16.11,scattered clouds
211,Kinablangan,PH,7.6947,126.5503,80.8,82,28,9.1,scattered clouds
212,Srednekolymsk,RU,67.45,153.6833,-28.32,96,24,2.35,few clouds
213,Quatre Cocos,MU,-20.2078,57.7625,79.09,80,100,14.47,overcast clouds
214,Benghazi,LY,32.1167,20.0667,59.4,68,13,8.99,few clouds
215,Gemena,CD,3.25,19.7667,71.6,32,100,3.24,overcast clouds
216,Ixtapa,MX,20.7,-105.2,72.63,78,20,8.05,few clouds
217,Mayumba,GA,-3.432,10.6554,76.78,86,99,3.94,overcast clouds
218,Iisalmi,FI,63.5592,27.1907,21.22,95,100,6.53,overcast clouds
219,Te Anau,NZ,-45.4167,167.7167,65.19,39,1,5.37,clear sky
220,Hamilton,US,39.1834,-84.5333,19.36,87,0,1.01,clear sky
221,Bud,US,39.447,-86.1758,18.68,88,7,7.34,clear sky
222,Port Macquarie,AU,-31.4333,152.9167,75.88,58,71,17.18,broken clouds
223,Cabo San Lucas,MX,22.8909,-109.9124,67.51,61,0,4.0,clear sky
224,Fairlie,GB,55.756,-4.8556,41.41,88,100,8.99,overcast clouds
225,Vila Franca Do Campo,PT,37.7167,-25.4333,60.19,85,89,12.03,overcast clouds
226,Ostroleka,PL,53.0862,21.5757,37.92,87,98,14.97,overcast clouds
227,Broken Hill,AU,-31.95,141.4333,80.83,28,4,15.7,clear sky
228,Merauke,ID,-8.4667,140.3333,85.78,68,100,11.52,overcast clouds
229,Amudat,UG,1.95,34.95,68.59,55,100,2.93,overcast clouds
230,Ramhormoz,IR,31.28,49.6035,42.87,55,0,6.04,clear sky
231,Avarua,CK,-21.2078,-159.775,82.45,74,20,16.11,few clouds
232,Khandyga,RU,62.6667,135.6,-31.47,97,96,2.39,overcast clouds
233,Tangier,MA,35.7806,-5.8137,58.26,94,0,4.61,clear sky
234,Bundaberg,AU,-24.85,152.35,81.21,57,93,7.0,overcast clouds
235,Kysyl-Syr,RU,63.8986,122.7617,-18.94,100,92,2.8,overcast clouds
236,Khatanga,RU,71.9667,102.5,-20.13,98,99,5.44,overcast clouds
237,Kiruna,SE,67.8557,20.2251,23.92,93,100,17.27,overcast clouds
238,Mumford,GH,5.2618,-0.759,78.91,86,1,5.46,light rain
239,Sioux Lookout,CA,50.1001,-91.917,7.18,85,100,6.91,overcast clouds
240,Fairbanks,US,64.8378,-147.7164,11.1,81,100,3.44,light snow
241,Geraldton,AU,-28.7667,114.6,79.21,65,100,17.27,overcast clouds
242,Rawson,AR,-43.3002,-65.1023,61.03,52,95,12.93,overcast clouds
243,Grand Gaube,MU,-20.0064,57.6608,79.38,79,100,5.01,overcast clouds
244,Tateyama,JP,34.9833,139.8667,44.87,38,92,6.46,overcast clouds
245,Tukrah,LY,32.5341,20.5791,54.63,69,87,12.39,overcast clouds
246,Yokkaichi,JP,34.9667,136.6167,40.98,64,95,15.55,overcast clouds
247,Prince Rupert,CA,54.3161,-130.3201,46.49,46,100,21.85,overcast clouds
248,Jasper,US,37.2001,-94.3502,36.14,46,0,5.99,clear sky
249,Gornopravdinsk,RU,60.05,69.9,14.83,98,100,1.48,overcast clouds
250,Sokoni,TZ,-6.4333,39.55,80.17,80,100,7.9,overcast clouds
251,Lavrentiya,RU,65.5833,-171.0,-15.23,95,25,10.58,scattered clouds
252,Arlit,NE,18.7369,7.3853,59.95,18,0,9.42,clear sky
253,Antofagasta,CL,-23.65,-70.4,65.48,79,23,2.75,few clouds
254,Casay,PH,9.8204,123.5496,79.32,81,98,17.81,overcast clouds
255,Jitra,MY,6.2681,100.4217,82.29,74,20,5.75,few clouds
256,Ostersund,SE,63.1792,14.6357,24.62,93,75,14.97,broken clouds
257,Kilosa,TZ,-6.8333,36.9833,71.49,78,100,3.53,overcast clouds
258,Rodos,GR,36.4408,28.2225,52.79,74,40,1.99,scattered clouds
259,Tilichiki,RU,60.4667,166.1,-2.83,76,5,8.63,clear sky
260,Saldanha,ZA,-33.0117,17.9442,64.45,71,72,2.91,broken clouds
261,Grand Baie,MU,-20.0182,57.5802,79.45,79,100,5.01,overcast clouds
262,Pangnirtung,CA,66.1451,-65.7125,-32.87,96,100,5.21,overcast clouds
263,Honiara,SB,-9.4333,159.95,87.21,67,86,7.78,overcast clouds
264,Olga,RU,43.7444,135.2892,13.78,46,63,16.04,broken clouds
265,Matara,LK,5.9485,80.5353,73.85,84,17,7.94,few clouds
266,Houma,US,29.5958,-90.7195,42.01,66,0,4.65,clear sky
267,Udachnyy,RU,66.4167,112.4,-29.09,100,90,1.72,overcast clouds
268,Moroni,KM,-11.7022,43.2551,78.87,84,100,2.89,overcast clouds
269,Bataipora,BR,-22.2953,-53.2711,72.19,97,100,4.03,overcast clouds
270,Chingirlau,KZ,51.095,54.0814,18.25,97,99,4.25,light snow
271,Henties Bay,NA,-22.116,14.2845,66.85,80,97,0.81,overcast clouds
272,Lengshuijiang,CN,27.6881,111.4294,41.43,84,100,2.77,overcast clouds
273,San Cristobal,VE,7.7669,-72.225,71.78,92,33,1.43,scattered clouds
274,Tabou,CI,4.423,-7.3528,78.96,86,28,5.59,light rain
275,El Tigre,VE,8.8875,-64.2454,79.57,56,84,10.71,broken clouds
276,Yugo-Kamskiy,RU,57.7053,55.5894,17.62,95,89,7.07,overcast clouds
277,Palasa,IN,18.7667,84.4167,67.12,57,99,5.19,overcast clouds
278,Tullow,IE,52.8003,-6.7369,49.39,93,100,18.75,moderate rain
279,Laguna,US,38.421,-121.4238,59.5,60,0,0.0,clear sky
280,Goderich,CA,43.7501,-81.7165,15.91,73,91,8.05,overcast clouds
281,Caravelas,BR,-17.7125,-39.2481,75.99,88,19,5.59,few clouds
282,Muyinga,BI,-2.8333,30.3333,56.7,96,96,4.03,overcast clouds
283,Vila Velha,BR,-20.3297,-40.2925,76.95,86,0,8.05,clear sky
284,San Andres,CO,12.5847,-81.7006,80.62,74,20,10.36,few clouds
285,Afonso Bezerra,BR,-5.4983,-36.5056,78.03,70,5,10.78,clear sky
286,Mastic Beach,US,40.7668,-72.8521,23.2,57,0,1.99,clear sky
287,Bandarbeyla,SO,9.4942,50.8122,73.35,76,10,7.54,clear sky
288,Trairi,BR,-3.2778,-39.2689,77.4,85,11,6.44,few clouds
289,Casas Grandes,MX,30.3667,-107.95,43.43,27,0,3.38,clear sky
290,Oyama,JP,36.3,139.8,45.03,26,28,10.11,scattered clouds
291,Padang,ID,-0.9492,100.3543,77.05,89,100,3.6,overcast clouds
292,Basiad,PH,14.1562,122.3375,81.59,69,99,14.34,overcast clouds
293,Pirapo,PY,-26.85,-55.5333,69.98,87,93,1.66,overcast clouds
294,Llanes,ES,43.4198,-4.7549,45.9,62,2,4.59,clear sky
295,Puerto Escondido,MX,15.85,-97.0667,77.83,78,0,5.75,clear sky
296,Krasnoye,UA,49.9145,24.6134,34.95,89,77,10.56,broken clouds
297,Ponta Delgada,PT,37.7333,-25.6667,60.49,82,20,12.66,few clouds
298,Santarem,BR,-2.4431,-54.7083,77.13,100,40,3.44,light rain
299,Teguldet,RU,57.3064,88.1667,11.57,94,100,4.88,overcast clouds
300,Necochea,AR,-38.5473,-58.7368,60.04,68,100,20.15,overcast clouds
301,Galveston,US,29.3669,-94.9669,43.97,67,0,3.44,clear sky
302,Denpasar,ID,-8.65,115.2167,85.71,74,20,8.05,few clouds
303,Inuvik,CA,68.3499,-133.7218,-31.94,68,75,2.3,light snow
304,Saskylakh,RU,71.9167,114.0833,-30.93,100,97,2.93,overcast clouds
305,Esbjerg,DK,55.4667,8.45,44.49,91,75,8.01,light rain
306,Gorno-Altaysk,RU,51.9561,85.955,2.77,85,9,6.02,clear sky
307,Oktyabrskiy,RU,54.4815,53.471,18.55,97,98,2.28,overcast clouds
308,Bairiki,KI,1.3292,172.9752,87.8,70,20,12.66,few clouds
309,Santiago,CL,-33.4569,-70.6483,77.29,40,0,11.5,clear sky
310,Ulcinj,ME,41.9294,19.2244,46.92,79,35,8.66,scattered clouds
311,Otavi,NA,-19.65,17.3333,63.18,93,100,4.7,light rain
312,Shkoder,AL,42.0683,19.5126,46.9,81,11,5.1,few clouds
313,Yulara,AU,-25.2406,130.9889,85.84,20,0,12.66,clear sky
314,Karratha,AU,-20.7377,116.8463,91.02,55,49,12.48,scattered clouds
315,Mahanoro,MG,-19.9,48.8,80.46,68,100,16.64,overcast clouds
316,Poum,NC,-20.2333,164.0167,79.5,88,100,11.32,light rain
317,Cidreira,BR,-30.1811,-50.2056,74.61,88,88,3.18,overcast clouds
318,Oranjemund,NA,-28.55,16.4333,66.43,82,95,1.45,overcast clouds
319,Khlevnoye,RU,52.1951,39.0932,14.02,96,100,7.96,light snow
320,Bani Walid,LY,31.7566,13.9942,55.89,33,100,2.39,overcast clouds
321,Warmbad,NA,-28.45,18.7333,85.51,28,85,9.04,overcast clouds
322,Avera,US,33.194,-82.5271,42.31,52,0,7.54,clear sky
323,Rabo De Peixe,PT,37.8,-25.5833,59.27,91,20,12.66,few clouds
324,Guarapuava,BR,-25.3953,-51.4581,61.12,100,100,2.59,overcast clouds
325,Fare,PF,-16.7,-151.0167,81.12,74,25,19.33,light rain
326,Garwa,IN,24.1833,83.8167,51.31,66,3,3.13,clear sky
327,Port Hardy,CA,50.6996,-127.4199,44.78,81,100,8.05,overcast clouds
328,Mocuba,MZ,-16.8392,36.9856,67.62,98,84,4.81,broken clouds
329,Le Port,RE,-20.9373,55.2919,78.8,79,100,15.86,light rain
330,Nyurba,RU,63.2842,118.3319,-12.93,100,100,2.06,overcast clouds
331,Berdigestyakh,RU,62.0989,126.6992,-12.33,99,98,2.15,overcast clouds
332,Aklavik,CA,68.2191,-135.0107,-31.97,88,60,0.6,broken clouds
333,Ulsteinvik,NO,62.3432,5.8487,38.98,76,99,23.0,light rain
334,Coihaique,CL,-45.5752,-72.0662,57.81,72,0,4.61,clear sky
335,Sao Cristovao,BR,-11.0147,-37.2064,82.31,74,75,10.36,broken clouds
336,Pierre,US,44.3683,-100.351,42.28,53,0,7.0,clear sky
337,Dongzhen,CN,22.3797,110.9389,60.15,64,98,3.91,overcast clouds
338,Nishihara,JP,26.1842,127.7558,62.26,51,40,16.11,scattered clouds
339,Paamiut,GL,61.994,-49.6678,-2.4,84,100,9.35,overcast clouds
340,Bodden Town,KY,19.2833,-81.25,77.0,76,0,1.99,clear sky
341,Souillac,MU,-20.5167,57.5167,79.36,88,75,10.36,broken clouds
342,Noumea,NC,-22.2763,166.4572,89.58,80,55,10.16,light rain
343,Harper,LR,4.375,-7.7169,78.98,86,44,5.75,light rain
344,Olonets,RU,60.9847,32.9698,18.97,95,100,9.24,light snow
345,La Ronge,CA,55.1001,-105.2842,-3.75,71,100,1.14,overcast clouds
346,Homer,US,59.6425,-151.5483,37.29,78,100,4.61,overcast clouds
347,Jerusalem,IL,31.769,35.2163,42.1,83,44,10.33,scattered clouds
348,Garden City,US,42.3256,-83.331,18.21,82,20,1.01,few clouds
349,Greensboro,US,36.0726,-79.792,32.32,64,0,5.75,clear sky
350,Bambanglipuro,ID,-7.95,110.2833,72.61,68,44,4.68,scattered clouds
351,Poronaysk,RU,49.2167,143.1167,17.78,76,100,13.13,overcast clouds
352,Saint-Augustin,CA,51.226,-58.6502,2.16,90,100,19.08,overcast clouds
353,Kawalu,ID,-7.3817,108.2082,80.71,79,59,1.86,broken clouds
354,Ulaangom,MN,49.9811,92.0667,-23.78,93,97,2.77,overcast clouds
355,Tromso,NO,69.6496,18.957,33.82,60,40,31.07,scattered clouds
356,Taungdwingyi,MM,20.0167,95.55,71.78,60,12,6.87,few clouds
357,Belmonte,BR,-15.8631,-38.8828,73.9,84,27,6.98,scattered clouds
358,Taree,AU,-31.9,152.4667,75.06,59,59,11.95,broken clouds
359,Luganville,VU,-15.5333,167.1667,82.54,79,100,5.3,light rain
360,Alice Springs,AU,-23.7,133.8833,80.15,29,0,8.05,clear sky
361,Sao Pedro,BR,-22.5486,-47.9139,72.19,93,100,1.99,overcast clouds
362,Gat,IL,31.61,34.7642,49.78,100,80,6.22,broken clouds
363,Port Blair,IN,11.6667,92.75,82.44,78,40,4.61,mist
364,Acurenam,GQ,1.0322,10.6488,69.08,93,92,3.53,overcast clouds
365,Anadyr,RU,64.75,177.4833,-8.9,77,0,11.18,clear sky
366,Filiatra,GR,37.15,21.5833,52.7,81,48,5.28,scattered clouds
367,Saint-Denis,FR,48.9167,2.3333,47.17,78,100,5.01,overcast clouds
368,La Baule-Escoublac,FR,47.2922,-2.364,51.87,87,0,13.8,clear sky
369,Gillette,US,44.2911,-105.5022,32.23,87,40,13.0,scattered clouds
370,Cap Malheureux,MU,-19.9842,57.6142,79.47,79,100,5.99,overcast clouds
371,Myitkyina,MM,25.3833,97.4,57.34,98,90,0.43,overcast clouds
372,Male,MV,4.1748,73.5089,81.18,65,100,6.17,overcast clouds
373,Nouadhibou,MR,20.931,-17.0347,64.38,94,0,14.97,clear sky
374,Umm Kaddadah,SD,13.6017,26.6876,53.96,27,53,17.2,broken clouds
375,Bama,NG,11.5221,13.6856,62.19,35,0,6.42,clear sky
376,Ayni,TJ,39.3941,68.5377,38.32,96,100,4.05,overcast clouds
377,Kamalpur,IN,24.2,91.8333,53.4,75,0,1.34,clear sky
378,Half Moon Bay,US,37.4636,-122.4286,59.61,59,0,5.75,clear sky
379,Lere,NG,10.387,8.5726,61.66,27,0,7.2,clear sky
380,Ajdabiya,LY,30.7554,20.2263,53.87,55,5,7.83,clear sky
381,Petropavlovsk-Kamchatskiy,RU,53.0452,158.6483,27.19,80,75,22.37,light shower snow
382,Ondo,NG,7.1,4.8333,68.43,81,22,0.94,few clouds
383,Sucha Beskidzka,PL,49.7419,19.5943,35.01,83,99,8.57,overcast clouds
384,Rio Grande,BR,-32.035,-52.0986,70.95,77,0,9.01,clear sky
385,Kambove,CD,-10.8764,26.5969,57.87,97,78,3.65,broken clouds
386,Caborca,MX,30.5838,-111.101,59.29,20,9,7.2,clear sky
387,Kupang,ID,-10.1667,123.5833,83.68,73,67,12.01,broken clouds
388,Tual,ID,-5.6667,132.75,83.3,74,77,8.34,broken clouds
389,Saint-Francois,FR,46.4154,3.9054,37.42,92,0,6.91,clear sky
390,Xining,CN,36.6167,101.7667,12.18,82,100,2.28,overcast clouds
391,Eugene,US,44.0521,-123.0867,47.53,88,75,3.0,broken clouds
392,Grande Prairie,CA,55.1667,-118.8027,39.38,60,75,26.46,broken clouds
393,Kushima,JP,31.4583,131.2333,45.23,47,33,11.95,scattered clouds
394,Coahuayana,MX,18.7333,-103.6833,69.8,86,4,1.54,clear sky
395,Aykhal,RU,66.0,111.5,-9.42,99,99,3.33,overcast clouds
396,Vila,PT,42.0304,-8.1588,36.32,82,0,4.34,clear sky
397,Acarau,BR,-2.8856,-40.12,78.01,86,3,10.13,clear sky
398,Selikhino,RU,50.3672,137.4996,1.94,89,100,6.46,overcast clouds
399,Kahului,US,20.8947,-156.47,80.62,69,40,18.41,scattered clouds
400,Hurghada,EG,27.2574,33.8129,56.01,57,0,14.32,clear sky
401,Assiniboia,CA,49.6334,-105.9845,17.42,79,100,23.02,overcast clouds
402,Muroto,JP,33.2833,134.15,41.04,46,76,11.3,broken clouds
403,Grindavik,IS,63.8424,-22.4338,31.95,93,75,18.41,broken clouds
404,Ancud,CL,-41.8697,-73.8203,59.23,84,88,3.27,overcast clouds
405,Apaseo El Alto,MX,20.45,-100.6167,60.91,32,33,2.59,scattered clouds
406,Sarkand,KZ,45.41,79.9186,18.61,63,0,8.86,clear sky
407,Dawei,MM,14.0833,98.2,79.84,66,95,3.62,overcast clouds
408,Thompson,CA,55.7435,-97.8558,-23.64,76,40,3.44,scattered clouds
409,Tete,MZ,-16.1564,33.5867,73.49,100,40,0.0,scattered clouds
410,Umm Lajj,SA,25.0213,37.2685,61.23,57,0,10.67,clear sky
411,Kurilsk,RU,45.2333,147.8833,23.23,85,100,15.1,light snow
412,Saint-Georges,GD,12.0564,-61.7485,76.68,83,20,5.75,few clouds
413,Loralai,PK,30.3705,68.598,42.3,46,51,1.97,broken clouds
414,Gorom-Gorom,BF,14.4439,-0.2361,64.65,14,0,9.78,clear sky
415,Velika Gorica,HR,45.7125,16.0756,41.05,86,40,0.0,scattered clouds
416,Boyabat,TR,41.4689,34.7667,26.96,83,62,1.25,broken clouds
417,Derzhavinsk,KZ,51.1,66.3167,9.54,77,100,13.44,overcast clouds
418,Tautira,PF,-17.7333,-149.15,86.02,75,36,19.15,moderate rain
419,Sesheke,ZM,-17.4759,24.2968,64.62,98,98,6.31,overcast clouds
420,Ketchikan,US,55.3422,-131.6461,43.27,81,100,21.85,moderate rain
421,Road Town,VG,18.4167,-64.6167,73.99,77,87,21.56,light rain
422,Nichinan,JP,31.6,131.3667,44.87,46,26,10.38,scattered clouds
423,Blonie,PL,52.1985,20.6171,39.15,88,91,14.52,overcast clouds
424,Azangaro,PE,-14.9167,-70.2167,42.44,92,100,5.99,overcast clouds
425,College,US,64.8569,-147.8028,12.79,83,100,5.75,light snow
426,Ambilobe,MG,-13.2,49.05,72.12,95,98,2.86,overcast clouds
427,Isla Mujeres,MX,21.2311,-86.731,71.65,81,86,15.82,overcast clouds
428,Aksarka,RU,66.5606,67.7975,-21.42,100,74,3.51,broken clouds
429,Taizhou,CN,32.4933,119.9106,38.89,31,99,6.35,light rain
430,Broome,US,42.2506,-75.833,7.18,71,0,1.99,clear sky
431,Casablanca,MA,33.5928,-7.6192,60.33,82,100,8.99,overcast clouds
432,Nova Ushytsya,UA,48.8372,27.2743,32.61,81,100,13.71,overcast clouds
433,Buenaventura,CO,3.8801,-77.0312,73.74,95,92,2.64,overcast clouds
434,Neiafu,TO,-18.65,-173.9833,78.67,79,100,20.8,light rain
435,Karlstad,SE,59.3793,13.5036,37.96,100,75,10.36,broken clouds
436,Altay,CN,47.8667,88.1167,7.74,48,0,9.95,clear sky
437,Bembereke,BJ,10.2283,2.6634,68.04,18,0,5.35,clear sky
438,Kutum,SD,14.2,24.6667,49.03,24,98,9.48,overcast clouds
439,Shetpe,KZ,44.1667,52.1167,27.72,85,100,14.72,overcast clouds
440,Ruwi,OM,23.5996,58.5507,65.89,41,0,4.23,clear sky
441,Tuy Hoa,VN,13.0833,109.3,72.64,91,100,13.58,overcast clouds
442,Joigny,FR,47.9829,3.401,41.02,85,100,14.85,overcast clouds
443,Tono,JP,39.3167,141.5333,25.63,80,99,12.64,light snow
444,Stephenville,US,32.2207,-98.2023,38.19,55,0,3.44,clear sky
445,Ucluelet,CA,48.9329,-125.5528,45.09,91,100,4.09,overcast clouds
446,Vanimo,PG,-2.6741,141.3028,85.48,67,100,5.5,overcast clouds
447,Sambava,MG,-14.2667,50.1667,74.34,87,79,4.21,broken clouds
448,Kiunga,PG,-6.1219,141.2906,91.18,50,83,2.68,broken clouds
449,Baijiantan,CN,45.6333,85.1833,2.71,83,4,1.3,clear sky
450,Morondava,MG,-20.2833,44.2833,76.93,84,100,15.55,light rain
451,Tukan,RU,53.8409,57.4552,11.53,96,100,3.15,overcast clouds
452,Kristiinankaupunki,FI,62.2743,21.376,24.21,94,9,11.12,clear sky
453,Belturbet,IE,54.1,-7.45,44.62,91,100,11.7,overcast clouds
454,Sungaipenuh,ID,-2.0833,101.3833,63.81,99,100,2.42,overcast clouds
455,Bambari,CF,5.768,20.6757,73.09,24,100,3.11,overcast clouds
456,Tanete,ID,-3.9443,119.7848,79.65,86,100,1.57,overcast clouds
457,Bustamante,MX,26.5333,-100.5,45.18,38,22,6.67,few clouds
458,Brae,GB,60.3964,-1.353,37.31,55,97,34.87,overcast clouds
459,Didi Lilo,GE,41.7361,44.9647,26.38,69,40,11.5,scattered clouds
460,Mecca,SA,21.4267,39.8261,60.49,48,0,5.23,clear sky
461,Walvis Bay,NA,-22.9575,14.5053,67.15,88,94,3.44,overcast clouds
462,Xaxim,BR,-26.9617,-52.5347,68.38,98,100,2.66,overcast clouds
463,Serowe,BW,-22.3833,26.7167,63.19,80,11,11.7,few clouds
464,Lasa,IT,46.6166,10.7002,36.86,42,3,3.29,clear sky
465,Hay River,CA,60.8156,-115.7999,-11.24,76,40,2.3,scattered clouds
466,Lac-Au-Saumon,CA,48.421,-67.3476,3.7,82,18,12.46,few clouds
467,Barabinsk,RU,55.3571,78.357,6.6,86,100,6.8,overcast clouds
468,Lindi,TZ,-10.0,39.7167,72.19,96,100,3.74,moderate rain
469,Omsukchan,RU,62.5333,155.8,-8.84,75,16,2.75,few clouds
470,Sobolevo,RU,54.4299,31.8996,29.52,94,97,13.2,snow
471,Houston,US,29.7633,-95.3633,43.09,53,75,3.0,broken clouds
472,Pacifica,US,37.6138,-122.4869,58.8,66,20,1.99,few clouds
473,Zephyrhills,US,28.2336,-82.1812,57.7,82,100,10.4,overcast clouds
474,Dingle,PH,10.9995,122.6711,81.64,69,98,19.26,overcast clouds
475,Norrtalje,SE,59.758,18.705,35.53,97,100,15.23,snow
476,Zhigansk,RU,66.7697,123.3711,-24.52,98,100,5.55,overcast clouds
477,Ust-Maya,RU,60.4167,134.5333,-19.84,95,100,1.88,overcast clouds
478,Dunedin,NZ,-45.8742,170.5036,57.79,61,88,8.01,overcast clouds
479,Morros,BR,-9.4467,-46.3003,76.14,74,70,3.09,broken clouds
480,Komsomolskiy,UZ,40.4272,71.7189,38.62,41,100,2.3,overcast clouds
481,Hualmay,PE,-11.0964,-77.6139,70.03,83,100,8.61,overcast clouds
482,Jurm,AF,36.8648,70.8342,36.7,76,98,7.11,overcast clouds
483,Roebourne,AU,-20.7833,117.1333,90.14,58,73,11.03,broken clouds
484,Kaeo,NZ,-35.1,173.7833,77.32,90,100,7.2,moderate rain
485,Katsuura,JP,35.1333,140.3,42.91,33,21,9.71,few clouds
486,Hargeysa,SO,9.56,44.065,57.69,41,62,11.95,broken clouds
487,Olafsvik,IS,64.8945,-23.7142,30.45,72,100,33.96,overcast clouds
488,Ust-Nera,RU,64.5667,143.2,-13.74,73,58,1.79,broken clouds
489,Pekan,MY,3.4836,103.3996,82.51,86,100,9.71,overcast clouds
490,Mayo,US,38.8876,-76.5119,29.3,57,0,4.0,clear sky
491,Luyang,CN,27.6239,110.0989,40.41,87,100,4.52,overcast clouds
492,Bowen,AU,-20.0167,148.2333,80.82,58,5,15.37,clear sky
493,Khani,GE,41.9563,42.9566,22.57,87,99,4.9,light snow
494,Huanren,CN,41.2647,125.3667,15.51,60,14,3.85,few clouds
495,Raudeberg,NO,61.9875,5.1352,38.07,88,100,15.99,light snow
496,Algiers,DZ,36.7525,3.042,44.42,93,20,1.14,few clouds
497,Shitanjing,CN,39.2342,106.3439,16.09,33,100,6.11,overcast clouds
498,Vega Baja,PR,18.4444,-66.3877,74.21,100,54,1.01,broken clouds
499,Fereydun Kenar,IR,36.6864,52.5225,44.82,93,100,6.91,overcast clouds
500,Dhidhdhoo,MV,6.8833,73.1,80.17,65,56,5.61,broken clouds
501,Manavgat,TR,36.7867,31.4431,37.81,54,63,4.52,broken clouds
502,Opuwo,NA,-18.0607,13.84,66.67,51,100,2.24,overcast clouds
503,Mount Isa,AU,-20.7333,139.5,91.17,29,40,6.91,scattered clouds
504,Eyl,SO,7.9803,49.8164,70.39,80,14,6.42,few clouds
505,Soroti,UG,1.7146,33.6111,67.3,68,100,4.72,overcast clouds
506,Yaan,NG,7.3833,8.5667,76.73,18,1,7.81,clear sky
507,Seguela,CI,7.9611,-6.6731,71.85,20,5,4.09,clear sky
508,Okhotsk,RU,59.3833,143.3,0.25,68,64,14.36,broken clouds
509,Leh,IN,34.1667,77.5833,0.86,78,100,2.08,overcast clouds
510,Coquimbo,CL,-29.9533,-71.3436,62.33,88,75,4.61,broken clouds
511,Yarmouth,US,41.7057,-70.2286,24.1,58,0,11.5,clear sky
512,Aripuana,BR,-9.1667,-60.6333,72.09,98,72,2.24,broken clouds
513,Faya,SA,18.3851,42.4509,48.72,76,0,1.57,clear sky
514,Ust-Kan,RU,50.9276,84.761,-4.41,72,2,4.16,clear sky
515,Nata,PA,8.3333,-80.5167,77.47,82,5,8.68,clear sky
516,Bonavista,CA,48.6499,-53.1147,34.12,98,100,14.94,snow
517,San Quintin,MX,30.4833,-115.95,57.25,41,0,5.59,clear sky
518,Kamennomostskiy,RU,44.2983,40.1856,27.66,82,99,4.63,overcast clouds
519,Ampanihy,MG,-24.7,44.75,73.74,89,100,22.15,light rain
520,Hirado,JP,33.3597,129.5531,43.95,52,54,19.04,broken clouds
521,Bergkamen,DE,51.6333,7.6333,44.35,87,100,26.46,moderate rain
522,Ust-Kuyga,RU,70.0167,135.6,-40.13,100,100,4.74,overcast clouds
523,Lazaro Cardenas,MX,17.9583,-102.2,74.8,75,0,6.76,clear sky
524,Dingli,MT,35.8614,14.3822,54.81,87,75,8.05,broken clouds
525,Bilma,NE,18.6853,12.9164,56.91,22,0,8.66,clear sky
526,Outram,MY,1.2829,103.8379,80.53,83,75,4.61,light rain
527,Harwich,GB,51.9419,1.2844,50.34,79,100,17.0,overcast clouds
528,Kloulklubed,PW,7.0419,134.2556,81.1,78,58,21.97,broken clouds
529,Plettenberg Bay,ZA,-34.0527,23.3716,66.83,83,0,7.67,clear sky
530,Am Timan,TD,11.0297,20.2827,68.99,22,100,6.42,overcast clouds
531,Parkes,AU,-33.1333,148.1833,79.36,40,36,11.3,scattered clouds
532,Joao Camara,BR,-5.5375,-35.8197,78.04,79,7,6.87,clear sky
533,Shubarkuduk,KZ,49.1447,56.4872,26.29,98,100,3.24,overcast clouds
534,Okha,RU,53.5739,142.9478,4.87,91,100,19.71,light snow
535,Kalemie,CD,-5.9475,29.1947,68.5,88,93,4.54,light rain
536,Nioro,GM,13.35,-15.75,75.7,16,0,3.06,clear sky
537,Vao,NC,-22.6667,167.4833,80.87,84,15,10.54,few clouds
538,Atyrau,KZ,47.1167,51.8833,28.42,80,75,15.66,broken clouds
539,Yatou,CN,37.15,122.3833,33.35,41,100,13.58,overcast clouds
540,Tabuk,PH,17.4189,121.4443,69.55,93,100,2.04,overcast clouds
541,Mandurah,AU,-32.55,115.7,82.15,70,38,11.81,scattered clouds
542,Wadi Musa,JO,30.3222,35.4793,36.16,89,50,4.03,scattered clouds
543,Lowestoft,GB,52.4752,1.7516,50.25,87,100,28.66,overcast clouds
544,Newport,GB,51.5877,-2.9984,50.86,90,100,3.0,moderate rain
545,Fort Nelson,CA,58.8053,-122.7002,0.99,85,40,0.0,scattered clouds
546,Praia,CV,14.9215,-23.5087,70.34,78,0,13.8,clear sky
547,Benicarlo,ES,40.4165,0.4271,48.56,52,35,7.67,scattered clouds
548,Tombouctou,ML,20.0,-3.0,62.11,12,3,8.08,clear sky
549,Japura,ID,-0.3167,102.35,76.6,92,100,4.12,light rain
550,Mamallapuram,IN,12.6264,80.1722,80.06,73,91,7.81,overcast clouds
551,Korla,CN,41.7597,86.1469,22.66,43,97,10.69,overcast clouds
552,Alta Floresta,BR,-9.8756,-56.0861,72.03,95,67,1.52,broken clouds
553,Siocon,PH,7.7061,122.1353,84.42,68,84,7.58,broken clouds
554,Otjimbingwe,NA,-22.35,16.1333,71.67,77,100,2.75,overcast clouds
555,Xacmaz,AZ,41.4635,48.806,32.88,68,90,1.83,overcast clouds
556,Cedar City,US,37.6775,-113.0619,36.57,32,0,8.05,clear sky
557,Ballina,AU,-28.8667,153.5667,78.76,62,75,19.57,broken clouds
558,Callaway,US,30.153,-85.5699,46.33,63,0,1.99,clear sky
559,Alexandria,EG,31.2156,29.9553,56.75,70,25,8.61,scattered clouds
560,Suntar,RU,62.1444,117.6319,1.72,96,96,4.72,overcast clouds
561,Olavarria,AR,-36.8927,-60.3225,57.02,86,95,9.8,overcast clouds
562,Leningradskiy,RU,69.3833,178.4167,-20.94,96,23,3.02,few clouds
563,Diapaga,BF,12.0708,1.7889,68.9,15,3,9.46,clear sky
564,Maple Creek,CA,49.9168,-109.4848,34.21,86,100,6.91,overcast clouds
565,Manacapuru,BR,-3.2997,-60.6206,77.58,92,91,2.37,overcast clouds
566,Sisimiut,GL,66.9395,-53.6735,1.65,94,100,7.92,light snow
567,Turukhansk,RU,65.8167,87.9833,-20.07,100,98,1.7,overcast clouds
568,Zambezi,ZM,-13.5432,23.1047,63.37,97,100,3.8,light rain
569,Waingapu,ID,-9.6567,120.2641,85.33,69,86,10.74,overcast clouds
570,Sosnovo-Ozerskoye,RU,52.5249,111.5418,-1.95,98,99,6.93,overcast clouds
571,Saint-Pierre,RE,-21.3393,55.4781,78.48,73,20,5.75,few clouds
572,Piranhas,BR,-16.4269,-51.8222,72.63,91,98,5.39,heavy intensity rain
573,Gerardmer,FR,48.0735,6.8779,36.09,90,96,9.62,overcast clouds
574,Magadan,RU,59.5667,150.8,11.53,68,17,10.6,few clouds
575,Piacabucu,BR,-10.4056,-36.4344,77.94,77,35,8.08,scattered clouds
576,Zvishavane,ZW,-20.3267,30.0665,63.81,92,99,9.57,light rain
577,Bilibino,RU,68.0546,166.4372,-11.49,85,13,4.03,few clouds
578,Iacu,BR,-12.7672,-40.2117,72.61,79,100,2.46,overcast clouds
579,Baiyin,CN,36.5583,104.2081,16.68,87,100,3.56,light snow
580,Marondera,ZW,-18.1853,31.5519,54.01,97,41,6.06,scattered clouds
581,Atocha,BO,-20.9333,-66.2333,51.57,53,3,7.99,clear sky
582,Jutai,BR,-5.1833,-68.9,71.87,91,91,1.86,overcast clouds
583,Chute-Aux-Outardes,CA,49.1168,-68.399,5.31,51,0,11.5,clear sky
584,Boguchany,RU,58.3814,97.4531,11.52,97,99,5.46,overcast clouds
585,Bhunya,SZ,-26.55,31.0167,61.74,97,97,4.29,light rain
586,Port Augusta,AU,-32.5,137.7667,89.71,19,97,5.44,overcast clouds
587,Nanzhang,CN,31.7765,111.8386,39.27,46,97,4.83,overcast clouds
588,Safaga,EG,26.7292,33.9365,57.72,59,0,16.71,clear sky
589,Catuday,PH,16.2923,119.8062,79.34,62,16,12.3,few clouds
590,Ashland,US,40.8167,-82.2665,16.34,88,13,5.93,few clouds
591,Mashhad,IR,36.297,59.6062,39.34,70,75,16.11,broken clouds
592,Gravdal,NO,68.1214,13.5031,36.9,78,17,24.83,light rain
593,Atambua,ID,-9.1061,124.8925,81.79,69,27,5.1,scattered clouds
594,Maku,IR,39.2911,44.4521,20.01,45,0,0.0,clear sky
595,Jumla,NP,29.2747,82.1838,30.06,42,0,5.53,clear sky
596,Santa Rosa,PH,14.3122,121.1114,87.12,65,93,18.39,overcast clouds
597,Kirakira,SB,-10.4544,161.9205,85.26,74,100,8.55,overcast clouds
598,Biograd Na Moru,HR,43.9433,15.4519,43.75,81,10,5.7,clear sky
599,Kalengwa,ZM,-13.4659,25.0027,62.78,99,100,2.21,light rain
600,Amalapuram,IN,16.5833,82.0167,70.18,78,25,4.03,scattered clouds
601,Rockingham,US,42.9668,-71.0995,17.53,54,6,3.0,clear sky
602,Tekeli,KZ,44.83,78.8239,17.51,57,0,12.95,clear sky
603,Moindou,NC,-21.6924,165.677,89.55,75,94,9.78,overcast clouds
604,Tiznit,MA,29.5833,-9.5,60.46,24,67,4.27,broken clouds
605,Impfondo,CG,1.6381,18.0667,67.62,29,81,2.17,broken clouds
606,Octeville,FR,49.6261,-1.6435,49.93,87,100,26.46,overcast clouds
607,Pogranichnyy,RU,44.4064,131.3769,8.67,64,5,9.89,clear sky
608,Pathein,MM,16.7833,94.7333,78.3,60,78,7.09,broken clouds
609,Basco,PH,20.4487,121.9702,72.59,74,100,29.73,overcast clouds
610,Baruun-Urt,MN,46.6806,113.2792,3.67,81,5,6.35,clear sky
611,Sabha,LY,27.0377,14.4283,52.21,32,5,8.99,clear sky
612,Ayan,RU,56.45,138.1667,-4.0,67,3,10.38,clear sky
613,Kangaatsiaq,GL,68.3065,-53.4641,-10.26,91,100,8.88,overcast clouds
614,Flin Flon,CA,54.7682,-101.865,-1.16,97,100,5.19,overcast clouds
615,Jiangyan,CN,32.5061,120.1428,37.11,34,97,6.58,light rain
616,Treinta Y Tres,UY,-33.2333,-54.3833,63.93,84,1,8.52,clear sky
617,Gonzales,US,30.2385,-90.9201,41.05,76,0,0.0,clear sky
618,Parkersburg,US,39.2667,-81.5615,17.13,89,0,0.0,mist
619,Tocopilla,CL,-22.092,-70.1979,70.72,67,1,6.82,clear sky
620,Sakakah,SA,29.9697,40.2064,44.17,77,5,6.53,clear sky
621,Ardea,IT,41.6123,12.5143,52.79,85,75,1.99,broken clouds
622,Shache,CN,38.4167,77.2406,23.72,65,100,4.88,overcast clouds
623,Pundaguitan,PH,6.3711,126.1689,81.45,76,43,19.48,scattered clouds
624,Imeni Babushkina,RU,59.7573,43.1285,10.78,97,100,3.09,overcast clouds
625,Rongcheng,CN,30.634,117.8517,38.62,61,100,7.36,overcast clouds
626,Tauranga,NZ,-37.6861,176.1667,71.65,94,100,1.01,overcast clouds
627,Juybar,IR,36.6412,52.9124,44.69,86,100,8.66,overcast clouds
628,Anloga,GH,5.7947,0.8973,80.82,83,18,7.7,few clouds
629,Vestmanna,FO,62.1564,-7.1664,31.12,86,100,23.02,light snow
630,Syava,RU,58.0146,46.3222,13.64,98,100,1.34,overcast clouds
631,Naron,ES,43.5167,-8.1528,46.02,84,39,4.05,scattered clouds
632,Oktyabrskoye,RU,43.0645,44.7417,10.54,92,6,6.71,clear sky
633,Capreol,CA,46.706,-80.9225,6.91,64,100,1.01,overcast clouds
634,Gaoua,BF,10.2992,-3.2508,71.78,16,1,5.5,clear sky
635,Chateaudun,FR,48.0833,1.3333,41.14,92,100,16.11,overcast clouds
636,Katobu,ID,-4.9408,122.5276,85.87,64,83,5.99,broken clouds
637,Lamu,KE,-2.2717,40.902,77.22,89,100,7.61,overcast clouds
638,Buala,SB,-8.145,159.5921,85.78,74,98,9.48,light rain
639,Comodoro Rivadavia,AR,-45.8667,-67.5,62.46,59,0,2.3,clear sky
640,Atherton,GB,53.5237,-2.4935,49.75,87,100,8.99,light rain
641,Skibbereen,IE,51.55,-9.2667,53.11,91,100,34.74,moderate rain
642,Ust-Kulom,RU,61.6864,53.6902,2.03,97,42,4.92,scattered clouds
643,Regina,CA,50.4501,-104.6178,5.16,80,100,19.57,overcast clouds
644,Inhambane,MZ,-23.865,35.3833,76.68,83,80,16.17,light rain
645,Ecija,ES,37.5422,-5.0826,49.86,79,9,5.14,clear sky
646,Lorengau,PG,-2.0226,147.2712,84.31,71,100,8.57,overcast clouds
647,Rio Gallegos,AR,-51.6226,-69.2181,60.85,59,0,6.91,clear sky
648,Tailai,CN,46.3833,123.4,10.67,71,71,5.64,broken clouds
649,Dawlatabad,AF,36.4141,64.9053,45.37,90,100,6.2,overcast clouds
650,Hochstadt,DE,49.2475,8.2089,43.0,77,100,4.0,overcast clouds
651,Narsaq,GL,60.9167,-46.05,-0.18,70,100,5.01,overcast clouds
652,Purranque,CL,-40.9167,-73.1667,60.13,67,76,5.82,broken clouds
653,Mehamn,NO,71.0357,27.8492,20.64,88,76,16.35,broken clouds
654,Moranbah,AU,-22.0016,148.0466,83.03,45,33,17.92,scattered clouds
655,Buraydah,SA,26.326,43.975,45.05,52,0,6.76,clear sky
656,Marica,BR,-22.9194,-42.8186,80.55,91,100,5.91,overcast clouds
657,West Wendover,US,40.7391,-114.0733,35.62,46,5,2.64,clear sky
658,Tambacounda,SN,13.7539,-13.7586,75.25,23,0,6.91,clear sky
659,Nikel,RU,69.4128,30.222,19.58,88,98,12.64,overcast clouds
660,Prokuplje,RS,43.2342,21.5881,35.56,92,54,2.48,broken clouds
661,Hastings,GB,50.8552,0.5729,50.99,83,100,33.04,overcast clouds
662,Diphu,IN,25.8333,93.4333,53.78,92,19,0.16,few clouds
663,Yerbogachen,RU,61.2767,108.0108,11.44,96,100,2.68,light snow
664,Wajir,KE,1.7471,40.0573,74.17,78,12,13.76,few clouds
665,El Alto,PE,-4.2714,-81.2147,69.91,82,15,12.03,few clouds
666,Orcopampa,PE,-15.2661,-72.3417,45.27,75,100,4.16,overcast clouds
667,Nemuro,JP,43.3236,145.575,27.03,67,98,19.91,overcast clouds
668,Zyryanka,RU,65.75,150.85,-28.03,95,30,3.36,scattered clouds
669,Clarksburg,US,39.2807,-80.3445,16.48,86,0,0.0,clear sky
670,Nicoya,CR,10.1483,-85.452,76.55,63,4,12.62,clear sky
671,Berlevag,NO,70.8578,29.0864,24.39,83,57,25.84,broken clouds
672,Jiayuguan,CN,39.8167,98.3,12.18,81,100,4.76,light snow
673,Hailar,CN,49.2,119.7,-0.42,83,98,4.74,overcast clouds
674,Roswell,US,34.0232,-84.3616,36.68,58,0,0.0,clear sky
675,Sovetskiy,RU,61.3614,63.5842,7.47,97,67,6.33,broken clouds
676,Baykit,RU,61.67,96.37,2.41,98,89,4.03,overcast clouds
677,Fort Smith,US,35.3859,-94.3986,36.19,82,0,4.61,clear sky
678,Port-Gentil,GA,-0.7193,8.7815,78.89,82,15,10.49,few clouds
679,Gorgan,IR,36.8387,54.4348,42.76,93,100,0.0,mist
680,Orai,IN,25.9833,79.4667,49.44,76,0,3.09,clear sky
681,Yazman,PK,29.1212,71.7446,56.21,41,0,9.55,clear sky
682,Sturgis,US,41.7992,-85.4192,16.07,82,0,11.5,clear sky
683,Synya,RU,65.3718,58.0387,-13.13,99,68,2.55,broken clouds
684,Alice,US,27.7523,-98.0697,42.69,60,0,10.36,clear sky
685,Redmond,US,47.674,-122.1215,46.58,85,78,1.01,broken clouds
686,Tazovskiy,RU,67.4667,78.7,-19.8,100,74,5.68,broken clouds
687,Shirokiy,RU,49.758,129.523,-0.89,86,60,5.14,broken clouds
688,Trelew,AR,-43.249,-65.3051,60.03,54,81,10.63,broken clouds
689,Russell,US,32.3502,-85.1999,40.6,74,0,5.06,clear sky
690,Kihei,US,20.785,-156.4656,80.62,69,40,18.41,scattered clouds
